{
    "L_car": 0.4,
    "a_max": 2.0,
    "boundary_polygon": [
        [
            0.0,
            0.0
        ],
        [
            50.0,
            0.0
        ],
        [
            50.0,
            50.0
        ],
        [
            0.0,
            50.0
        ]
    ],
    "goal_pos0": [
        38.0,
        38.0
    ],
    "goal_pos1": [
        45.0,
        38.0
    ],
    "goal_pos2": [
        45.0,
        45.0
    ],
    "goal_pos3": [
        38.0,
        45.0
    ],
    "goal_vel": [
        1.0,
        -1.0
    ],
    "k_friction": 0.2,
    "omega_max": 0.3,
    "phi_max": 0.3,
    "polygon0": [
        [
            25,
            25
        ],
        [
            28,
            25
        ],
        [
            28,
            28
        ],
        [
            25,
            28
        ]
    ],
    "polygon1": [
        [
            5.0,
            5.0
        ],
        [
            8.0,
            5.0
        ],
        [
            5.0,
            8.0
        ]
    ],
    "polygon10": [
        [
            28.333333333333332,
            16.666666666666664
        ],
        [
            31.333333333333332,
            16.666666666666664
        ],
        [
            28.333333333333332,
            19.666666666666664
        ]
    ],
    "polygon11": [
        [
            28.333333333333332,
            28.333333333333332
        ],
        [
            31.333333333333332,
            28.333333333333332
        ],
        [
            28.333333333333332,
            31.333333333333332
        ]
    ],
    "polygon12": [
        [
            28.333333333333332,
            40.0
        ],
        [
            31.333333333333332,
            40.0
        ],
        [
            28.333333333333332,
            43.0
        ]
    ],
    "polygon13": [
        [
            40.0,
            5.0
        ],
        [
            43.0,
            5.0
        ],
        [
            40.0,
            8.0
        ]
    ],
    "polygon14": [
        [
            40.0,
            16.666666666666664
        ],
        [
            43.0,
            16.666666666666664
        ],
        [
            40.0,
            19.666666666666664
        ]
    ],
    "polygon15": [
        [
            40.0,
            28.333333333333332
        ],
        [
            43.0,
            28.333333333333332
        ],
        [
            40.0,
            31.333333333333332
        ]
    ],
    "polygon16": [
        [
            40.0,
            40.0
        ],
        [
            43.0,
            40.0
        ],
        [
            40.0,
            43.0
        ]
    ],
    "polygon2": [
        [
            5.0,
            16.666666666666664
        ],
        [
            8.0,
            16.666666666666664
        ],
        [
            5.0,
            19.666666666666664
        ]
    ],
    "polygon3": [
        [
            5.0,
            28.333333333333332
        ],
        [
            8.0,
            28.333333333333332
        ],
        [
            5.0,
            31.333333333333332
        ]
    ],
    "polygon4": [
        [
            5.0,
            40.0
        ],
        [
            8.0,
            40.0
        ],
        [
            5.0,
            43.0
        ]
    ],
    "polygon5": [
        [
            16.666666666666664,
            5.0
        ],
        [
            19.666666666666664,
            5.0
        ],
        [
            16.666666666666664,
            8.0
        ]
    ],
    "polygon6": [
        [
            16.666666666666664,
            16.666666666666664
        ],
        [
            19.666666666666664,
            16.666666666666664
        ],
        [
            16.666666666666664,
            19.666666666666664
        ]
    ],
    "polygon7": [
        [
            16.666666666666664,
            28.333333333333332
        ],
        [
            19.666666666666664,
            28.333333333333332
        ],
        [
            16.666666666666664,
            31.333333333333332
        ]
    ],
    "polygon8": [
        [
            16.666666666666664,
            40.0
        ],
        [
            19.666666666666664,
            40.0
        ],
        [
            16.666666666666664,
            43.0
        ]
    ],
    "polygon9": [
        [
            28.333333333333332,
            5.0
        ],
        [
            31.333333333333332,
            5.0
        ],
        [
            28.333333333333332,
            8.0
        ]
    ],
    "sensor_range": 3,
    "start_pos0": [
        3,
        3
    ],
    "start_pos1": [
        3,
        5
    ],
    "start_pos2": [
        3,
        7
    ],
    "start_pos3": [
        3,
        9
    ],
    "start_vel": [
        0,
        2
    ],
    "v_max": 2.0
}